id,model_number,type,description,aesthetic,dimensions,finish,supplied_accessories,optional_accessories,safety,power,warranty,status,created_at,updated_at,slug,notes,ean,cover_image,price,size,weight,gas_output,thermostat,features
674,BQI1205HAU,BBQ,Built-in Barbecue,,"",AISI 316 Marine grade satin stainless steel on all outer and internal surfaces,Protective BBQ cover,"",Double gas safety system,"","","",15/11/2018,16/11/2018,bqi1205hau,"","","",0.0,1175mmW x 545mmD x 247mmH,44kg + 12kg hood,"NG: 67.5 MJ/hr, 1.0 kPa (over five burners),ULPG: 72.0 MJ/hr, 2.75 kPA (over five burners),Note: barbecue is preset for NG; ULPG,conversion kit supplied",0-400Â°C,"5 stainless steel burners with safety valves: 20kw total power
stainless steel warming rack
new cast iron hotplate
new cast iron interlocking grill system
5 stainless steel burners with safety valves: 20kw total power
stainless steel warming rack
new cast iron hotplate
new cast iron interlocking grill system
5 stainless steel burners with safety valves: 20kw total power
stainless steel warming rack
new cast iron hotplate
new cast iron interlocking grill system
5 stainless steel burners with safety valves: 20kw total power
stainless steel warming rack
new cast iron hotplate
new cast iron interlocking grill system
5 stainless steel burners with safety valves: 20kw total power
stainless steel warming rack
new cast iron hotplate
new cast iron interlocking grill system
5 stainless steel burners with safety valves: 20kw total power
stainless steel warming rack
new cast iron hotplate
new cast iron interlocking grill system
5 stainless steel burners with safety valves: 20kw total power
stainless steel warming rack
new cast iron hotplate
new cast iron interlocking grill system
5 stainless steel burners with safety valves: 20kw total power
stainless steel warming rack
new cast iron hotplate
new cast iron interlocking grill system
5 stainless steel burners with safety valves: 20kw total power
stainless steel warming rack
new cast iron hotplate
new cast iron interlocking grill system
5 stainless steel burners with safety valves: 20kw total power
stainless steel warming rack
new cast iron hotplate
new cast iron interlocking grill system
5 stainless steel burners with safety valves: 20kw total power
stainless steel warming rack
new cast iron hotplate
new cast iron interlocking grill system
5 stainless steel burners with safety valves: 20kw total power
stainless steel warming rack
new cast iron hotplate
new cast iron interlocking grill system
5 stainless steel burners with safety valves: 20kw total power
stainless steel warming rack
new cast iron hotplate
new cast iron interlocking grill system
5 stainless steel burners with safety valves: 20kw total power
stainless steel warming rack
new cast iron hotplate
new cast iron interlocking grill system
5 stainless steel burners with safety valves: 20kw total power
stainless steel warming rack
new cast iron hotplate
new cast iron interlocking grill system
5 stainless steel burners with safety valves: 20kw total power
stainless steel warming rack
new cast iron hotplate
new cast iron interlocking grill system
5 stainless steel burners with safety valves: 20kw total power
stainless steel warming rack
new cast iron hotplate
new cast iron interlocking grill system
5 stainless steel burners with safety valves: 20kw total power
stainless steel warming rack
new cast iron hotplate
new cast iron interlocking grill system
5 stainless steel burners with safety valves: 20kw total power
stainless steel warming rack
new cast iron hotplate
new cast iron interlocking grill system"
